title,year,duration,genre,rating,movie_url
The Shawshank Redemption ,1994,2h 22min,Drama,9.3,https://www.imdb.com/title/tt0111161/?ref_=adv_li_tt
Back to the Future ,1985,1h 56min,Adventure,8.5,https://www.imdb.com/title/tt0088763/?ref_=adv_li_tt
Cinema Paradiso ,1988,2h 35min,Drama,8.5,https://www.imdb.com/title/tt0095765/?ref_=adv_li_tt
Grave of the Fireflies ,1988,1h 29min,Animation,8.5,https://www.imdb.com/title/tt0095327/?ref_=adv_li_tt
Terminator 2: Judgment Day ,1991,2h 17min,Action,8.5,https://www.imdb.com/title/tt0103064/?ref_=adv_li_tt
Once Upon a Time in the West ,1968,2h 45min,Western,8.5,https://www.imdb.com/title/tt0064116/?ref_=adv_li_tt
The Lion King ,1994,1h 28min,Animation,8.5,https://www.imdb.com/title/tt0110357/?ref_=adv_li_tt
High and Low ,1963,2h 23min,Crime,8.5,https://www.imdb.com/title/tt0057565/?ref_=adv_li_tt
The Intouchables ,2011,1h 52min,Biography,8.5,https://www.imdb.com/title/tt1675434/?ref_=adv_li_tt
American History X ,1998,1h 59min,Drama,8.5,https://www.imdb.com/title/tt0120586/?ref_=adv_li_tt
The Prestige ,2006,2h 10min,Drama,8.5,https://www.imdb.com/title/tt0482571/?ref_=adv_li_tt
Léon: The Professional ,1994,1h 50min,Action,8.5,https://www.imdb.com/title/tt0110413/?ref_=adv_li_tt
The Pianist ,2002,2h 30min,Biography,8.5,https://www.imdb.com/title/tt0253474/?ref_=adv_li_tt
The Departed ,2006,2h 31min,Crime,8.5,https://www.imdb.com/title/tt0407887/?ref_=adv_li_tt
The Usual Suspects ,1995,1h 46min,Crime,8.5,https://www.imdb.com/title/tt0114814/?ref_=adv_li_tt
Gladiator ,2000,2h 35min,Action,8.5,https://www.imdb.com/title/tt0172495/?ref_=adv_li_tt
Psycho ,1960,1h 49min,Horror,8.5,https://www.imdb.com/title/tt0054215/?ref_=adv_li_tt
Seven Samurai ,1954,3h 27min,Action,8.6,https://www.imdb.com/title/tt0047478/?ref_=adv_li_tt
Whiplash ,2014,1h 46min,Drama,8.5,https://www.imdb.com/title/tt2582802/?ref_=adv_li_tt
It's a Wonderful Life ,1946,2h 10min,Drama,8.6,https://www.imdb.com/title/tt0038650/?ref_=adv_li_tt
Star Wars: Episode IV - A New Hope ,1977,2h 1min,Action,8.6,https://www.imdb.com/title/tt0076759/?ref_=adv_li_tt
The Silence of the Lambs ,1991,1h 58min,Crime,8.6,https://www.imdb.com/title/tt0102926/?ref_=adv_li_tt
Se7en ,1995,2h 7min,Crime,8.6,https://www.imdb.com/title/tt0114369/?ref_=adv_li_tt
Avengers: Infinity War ,2018,2h 29min,Action,8.5,https://www.imdb.com/title/tt4154756/?ref_=adv_li_tt
Life Is Beautiful ,1997,1h 56min,Comedy,8.6,https://www.imdb.com/title/tt0118799/?ref_=adv_li_tt
The Green Mile ,1999,3h 9min,Crime,8.6,https://www.imdb.com/title/tt0120689/?ref_=adv_li_tt
Spirited Away ,2001,2h 5min,Animation,8.6,https://www.imdb.com/title/tt0245429/?ref_=adv_li_tt
Interstellar ,2014,2h 49min,Adventure,8.6,https://www.imdb.com/title/tt0816692/?ref_=adv_li_tt
Saving Private Ryan ,1998,2h 49min,Drama,8.6,https://www.imdb.com/title/tt0120815/?ref_=adv_li_tt
City of God ,2002,2h 10min,Crime,8.6,https://www.imdb.com/title/tt0317248/?ref_=adv_li_tt
Parasite ,2019,2h 12min,Comedy,8.6,https://www.imdb.com/title/tt6751668/?ref_=adv_li_tt
Come and See ,1985,2h 22min,Drama,8.3,https://www.imdb.com/title/tt0091251/?ref_=adv_li_tt
Full Metal Jacket ,1987,1h 56min,Drama,8.3,https://www.imdb.com/title/tt0093058/?ref_=adv_li_tt
Joker ,2019,2h 2min,Crime,8.6,https://www.imdb.com/title/tt7286456/?ref_=adv_li_tt
Reservoir Dogs ,1992,1h 39min,Crime,8.3,https://www.imdb.com/title/tt0105236/?ref_=adv_li_tt
Braveheart ,1995,2h 58min,Biography,8.3,https://www.imdb.com/title/tt0112573/?ref_=adv_li_tt
Toy Story ,1995,1h 21min,Animation,8.3,https://www.imdb.com/title/tt0114709/?ref_=adv_li_tt
Children of Heaven ,1997,1h 29min,Drama,8.3,https://www.imdb.com/title/tt0118849/?ref_=adv_li_tt
Good Will Hunting ,1997,2h 6min,Drama,8.3,https://www.imdb.com/title/tt0119217/?ref_=adv_li_tt
The Bandit ,1996,2h 8min,Crime,8.3,https://www.imdb.com/title/tt0116231/?ref_=adv_li_tt
American Beauty ,1999,2h 2min,Drama,8.3,https://www.imdb.com/title/tt0169547/?ref_=adv_li_tt
Eternal Sunshine of the Spotless Mind ,2004,1h 48min,Drama,8.3,https://www.imdb.com/title/tt0338013/?ref_=adv_li_tt
Amélie ,2001,2h 2min,Comedy,8.3,https://www.imdb.com/title/tt0211915/?ref_=adv_li_tt
Requiem for a Dream ,2000,1h 42min,Drama,8.3,https://www.imdb.com/title/tt0180093/?ref_=adv_li_tt
Ran ,1985,2h 42min,Action,8.2,https://www.imdb.com/title/tt0089881/?ref_=adv_li_tt
Inglourious Basterds ,2009,2h 33min,Adventure,8.3,https://www.imdb.com/title/tt0361748/?ref_=adv_li_tt
Snatch ,2000,1h 42min,Comedy,8.3,https://www.imdb.com/title/tt0208092/?ref_=adv_li_tt
Die Hard ,1988,2h 12min,Action,8.2,https://www.imdb.com/title/tt0095016/?ref_=adv_li_tt
My Neighbor Totoro ,1988,1h 26min,Animation,8.2,https://www.imdb.com/title/tt0096283/?ref_=adv_li_tt
Indiana Jones and the Last Crusade ,1989,2h 7min,Action,8.2,https://www.imdb.com/title/tt0097576/?ref_=adv_li_tt
Casino ,1995,2h 58min,Crime,8.2,https://www.imdb.com/title/tt0112641/?ref_=adv_li_tt
Unforgiven ,1992,2h 10min,Drama,8.2,https://www.imdb.com/title/tt0105695/?ref_=adv_li_tt
Heat ,1995,2h 50min,Crime,8.2,https://www.imdb.com/title/tt0113277/?ref_=adv_li_tt
L.A. Confidential ,1997,2h 18min,Crime,8.2,https://www.imdb.com/title/tt0119488/?ref_=adv_li_tt
A Beautiful Mind ,2001,2h 15min,Biography,8.2,https://www.imdb.com/title/tt0268978/?ref_=adv_li_tt
"Lock, Stock and Two Smoking Barrels ",1998,1h 47min,Comedy,8.2,https://www.imdb.com/title/tt0120735/?ref_=adv_li_tt
Howl's Moving Castle ,2004,1h 59min,Animation,8.2,https://www.imdb.com/title/tt0347149/?ref_=adv_li_tt
Downfall ,2004,2h 36min,Biography,8.2,https://www.imdb.com/title/tt0363163/?ref_=adv_li_tt
Batman Begins ,2005,2h 20min,Action,8.2,https://www.imdb.com/title/tt0372784/?ref_=adv_li_tt
Swades ,2004,3h 9min,Drama,8.2,https://www.imdb.com/title/tt0367110/?ref_=adv_li_tt
Finding Nemo ,2003,1h 40min,Animation,8.1,https://www.imdb.com/title/tt0266543/?ref_=adv_li_tt
Catch Me If You Can ,2002,2h 21min,Biography,8.1,https://www.imdb.com/title/tt0264464/?ref_=adv_li_tt
Kill Bill: Vol. 1 ,2003,1h 51min,Action,8.1,https://www.imdb.com/title/tt0266697/?ref_=adv_li_tt
Million Dollar Baby ,2004,2h 12min,Drama,8.1,https://www.imdb.com/title/tt0405159/?ref_=adv_li_tt
Hotel Rwanda ,2004,2h 1min,Biography,8.1,https://www.imdb.com/title/tt0395169/?ref_=adv_li_tt
Into the Wild ,2007,2h 28min,Adventure,8.1,https://www.imdb.com/title/tt0758758/?ref_=adv_li_tt
Memories of Murder ,2003,2h 12min,Action,8.1,https://www.imdb.com/title/tt0353969/?ref_=adv_li_tt
Mary and Max ,2009,1h 32min,Animation,8.1,https://www.imdb.com/title/tt0978762/?ref_=adv_li_tt
No Country for Old Men ,2007,2h 2min,Crime,8.1,https://www.imdb.com/title/tt0477348/?ref_=adv_li_tt
Hachi: A Dog's Tale ,2009,1h 33min,Drama,8.1,https://www.imdb.com/title/tt1028532/?ref_=adv_li_tt
How to Train Your Dragon ,2010,1h 38min,Animation,8.1,https://www.imdb.com/title/tt0892769/?ref_=adv_li_tt
Shutter Island ,2010,2h 18min,Mystery,8.1,https://www.imdb.com/title/tt1130884/?ref_=adv_li_tt
Butch Cassidy and the Sundance Kid ,1969,1h 50min,Biography,8.0,https://www.imdb.com/title/tt0064115/?ref_=adv_li_tt
Gran Torino ,2008,1h 56min,Drama,8.1,https://www.imdb.com/title/tt1205489/?ref_=adv_li_tt
Aladdin ,1992,1h 30min,Animation,8.0,https://www.imdb.com/title/tt0103639/?ref_=adv_li_tt
Harry Potter and the Deathly Hallows: Part 2 ,2011,2h 10min,Adventure,8.1,https://www.imdb.com/title/tt1201607/?ref_=adv_li_tt
The Terminator ,1984,1h 47min,Action,8.0,https://www.imdb.com/title/tt0088247/?ref_=adv_li_tt
Groundhog Day ,1993,1h 41min,Comedy,8.0,https://www.imdb.com/title/tt0107048/?ref_=adv_li_tt
Акіра ,1988,2h 4min,Animation,8.0,https://www.imdb.com/title/tt0094625/?ref_=adv_li_tt
"Monsters, Inc. ",2001,1h 32min,Animation,8.0,https://www.imdb.com/title/tt0198781/?ref_=adv_li_tt
Before Sunset ,2004,1h 20min,Drama,8.0,https://www.imdb.com/title/tt0381681/?ref_=adv_li_tt
It Happened One Night ,1934,1h 45min,Comedy,8.1,https://www.imdb.com/title/tt0025316/?ref_=adv_li_tt
The General ,1926,1h 7min,Action,8.1,https://www.imdb.com/title/tt0017925/?ref_=adv_li_tt
The Passion of Joan of Arc ,1928,1h 54min,Biography,8.1,https://www.imdb.com/title/tt0019254/?ref_=adv_li_tt
Guardians of the Galaxy ,2014,2h 1min,Action,8.0,https://www.imdb.com/title/tt2015381/?ref_=adv_li_tt
The Third Man ,1949,1h 33min,Film-Noir,8.1,https://www.imdb.com/title/tt0041959/?ref_=adv_li_tt
Rebecca ,1940,2h 10min,Drama,8.1,https://www.imdb.com/title/tt0032976/?ref_=adv_li_tt
Gone with the Wind ,1939,3h 58min,Drama,8.1,https://www.imdb.com/title/tt0031381/?ref_=adv_li_tt
Ace in the Hole ,1951,1h 51min,Drama,8.1,https://www.imdb.com/title/tt0043338/?ref_=adv_li_tt
The Wages of Fear ,1953,2h 11min,Adventure,8.1,https://www.imdb.com/title/tt0046268/?ref_=adv_li_tt
White Heat ,1949,1h 54min,Action,8.1,https://www.imdb.com/title/tt0042041/?ref_=adv_li_tt
Mr. Smith Goes to Washington ,1939,2h 9min,Comedy,8.1,https://www.imdb.com/title/tt0031679/?ref_=adv_li_tt
The Bridge on the River Kwai ,1957,2h 41min,Adventure,8.1,https://www.imdb.com/title/tt0050212/?ref_=adv_li_tt
On the Waterfront ,1954,1h 48min,Crime,8.1,https://www.imdb.com/title/tt0047296/?ref_=adv_li_tt
Ben-Hur ,1959,3h 32min,Adventure,8.1,https://www.imdb.com/title/tt0052618/?ref_=adv_li_tt
The 400 Blows ,1959,1h 39min,Crime,8.1,https://www.imdb.com/title/tt0053198/?ref_=adv_li_tt
Persona ,1966,1h 23min,Drama,8.1,https://www.imdb.com/title/tt0060827/?ref_=adv_li_tt
Network ,1976,2h 1min,Drama,8.1,https://www.imdb.com/title/tt0074958/?ref_=adv_li_tt
Barry Lyndon ,1975,3h 5min,Adventure,8.1,https://www.imdb.com/title/tt0072684/?ref_=adv_li_tt
Rocky ,1976,2h,Drama,8.1,https://www.imdb.com/title/tt0075148/?ref_=adv_li_tt
Cool Hand Luke ,1967,2h 7min,Crime,8.1,https://www.imdb.com/title/tt0061512/?ref_=adv_li_tt
Monty Python's Life of Brian ,1979,1h 34min,Comedy,8.1,https://www.imdb.com/title/tt0079470/?ref_=adv_li_tt
The Deer Hunter ,1978,3h 3min,Drama,8.1,https://www.imdb.com/title/tt0077416/?ref_=adv_li_tt
The Elephant Man ,1980,2h 4min,Biography,8.1,https://www.imdb.com/title/tt0080678/?ref_=adv_li_tt
Nausicaä of the Valley of the Wind ,1984,1h 57min,Animation,8.1,https://www.imdb.com/title/tt0087544/?ref_=adv_li_tt
Blade Runner ,1982,1h 57min,Action,8.1,https://www.imdb.com/title/tt0083658/?ref_=adv_li_tt
The Thing ,1982,1h 49min,Horror,8.1,https://www.imdb.com/title/tt0084787/?ref_=adv_li_tt
Platoon ,1986,2h,Drama,8.1,https://www.imdb.com/title/tt0091763/?ref_=adv_li_tt
Stand by Me ,1986,1h 29min,Adventure,8.1,https://www.imdb.com/title/tt0092005/?ref_=adv_li_tt
"Paris, Texas ",1984,2h 25min,Drama,8.1,https://www.imdb.com/title/tt0087884/?ref_=adv_li_tt
Dead Poets Society ,1989,2h 8min,Comedy,8.1,https://www.imdb.com/title/tt0097165/?ref_=adv_li_tt
The Princess Bride ,1987,1h 38min,Adventure,8.1,https://www.imdb.com/title/tt0093779/?ref_=adv_li_tt
In the Name of the Father ,1993,2h 13min,Biography,8.1,https://www.imdb.com/title/tt0107207/?ref_=adv_li_tt
La Haine ,1995,1h 38min,Crime,8.1,https://www.imdb.com/title/tt0113247/?ref_=adv_li_tt
Jurassic Park ,1993,2h 7min,Action,8.1,https://www.imdb.com/title/tt0107290/?ref_=adv_li_tt
Trainspotting ,1996,1h 33min,Drama,8.1,https://www.imdb.com/title/tt0117951/?ref_=adv_li_tt
Before Sunrise ,1995,1h 41min,Drama,8.1,https://www.imdb.com/title/tt0112471/?ref_=adv_li_tt
In the Mood for Love ,2000,1h 38min,Drama,8.1,https://www.imdb.com/title/tt0118694/?ref_=adv_li_tt
The Big Lebowski ,1998,1h 57min,Comedy,8.1,https://www.imdb.com/title/tt0118715/?ref_=adv_li_tt
The Truman Show ,1998,1h 43min,Comedy,8.1,https://www.imdb.com/title/tt0120382/?ref_=adv_li_tt
Fargo ,1996,1h 38min,Crime,8.1,https://www.imdb.com/title/tt0116282/?ref_=adv_li_tt
The Sixth Sense ,1999,1h 47min,Drama,8.1,https://www.imdb.com/title/tt0167404/?ref_=adv_li_tt
Lagaan: Once Upon a Time in India ,2001,3h 44min,Adventure,8.1,https://www.imdb.com/title/tt0169102/?ref_=adv_li_tt
Amores Perros ,2000,2h 34min,Drama,8.1,https://www.imdb.com/title/tt0245712/?ref_=adv_li_tt
Mad Max: Fury Road ,2015,2h,Action,8.1,https://www.imdb.com/title/tt1392190/?ref_=adv_li_tt
The Help ,2011,2h 26min,Drama,8.1,https://www.imdb.com/title/tt1454029/?ref_=adv_li_tt
Ford v Ferrari ,2019,2h 32min,Action,8.1,https://www.imdb.com/title/tt1950186/?ref_=adv_li_tt
Rush ,2013,2h 3min,Biography,8.1,https://www.imdb.com/title/tt1979320/?ref_=adv_li_tt
Prisoners ,2013,2h 33min,Crime,8.1,https://www.imdb.com/title/tt1392214/?ref_=adv_li_tt
Spotlight ,2015,2h 9min,Biography,8.1,https://www.imdb.com/title/tt1895587/?ref_=adv_li_tt
12 Years a Slave ,2013,2h 14min,Biography,8.1,https://www.imdb.com/title/tt2024544/?ref_=adv_li_tt
Hacksaw Ridge ,2016,2h 19min,Biography,8.1,https://www.imdb.com/title/tt2119532/?ref_=adv_li_tt
Gone Girl ,2014,2h 29min,Drama,8.1,https://www.imdb.com/title/tt2267998/?ref_=adv_li_tt
Room ,2015,1h 58min,Drama,8.1,https://www.imdb.com/title/tt3170832/?ref_=adv_li_tt
PK ,2014,2h 33min,Comedy,8.1,https://www.imdb.com/title/tt2338151/?ref_=adv_li_tt
Wild Tales ,2014,2h 2min,Comedy,8.1,https://www.imdb.com/title/tt3011894/?ref_=adv_li_tt
The Handmaiden ,2016,2h 25min,Drama,8.1,https://www.imdb.com/title/tt4016934/?ref_=adv_li_tt
Logan ,2017,2h 17min,Action,8.1,https://www.imdb.com/title/tt3315342/?ref_=adv_li_tt
The Grand Budapest Hotel ,2014,1h 39min,Adventure,8.1,https://www.imdb.com/title/tt2278388/?ref_=adv_li_tt
Sherlock Jr. ,1924,45min,Action,8.2,https://www.imdb.com/title/tt0015324/?ref_=adv_li_tt
The Invisible Guest ,2016,1h 46min,Crime,8.1,https://www.imdb.com/title/tt4857264/?ref_=adv_li_tt
The Gold Rush ,1925,1h 35min,Adventure,8.2,https://www.imdb.com/title/tt0015864/?ref_=adv_li_tt
All About Eve ,1950,2h 18min,Drama,8.2,https://www.imdb.com/title/tt0042192/?ref_=adv_li_tt
The Red Shoes ,1948,2h 15min,Drama,8.2,https://www.imdb.com/title/tt0040725/?ref_=adv_li_tt
The Treasure of the Sierra Madre ,1948,2h 6min,Adventure,8.2,https://www.imdb.com/title/tt0040897/?ref_=adv_li_tt
Tokyo Story ,1953,2h 16min,Drama,8.2,https://www.imdb.com/title/tt0046438/?ref_=adv_li_tt
Rashomon ,1950,1h 28min,Crime,8.2,https://www.imdb.com/title/tt0042876/?ref_=adv_li_tt
Dial M for Murder ,1954,1h 45min,Crime,8.2,https://www.imdb.com/title/tt0046912/?ref_=adv_li_tt
The Seventh Seal ,1957,1h 36min,Drama,8.2,https://www.imdb.com/title/tt0050976/?ref_=adv_li_tt
Wild Strawberries ,1957,1h 31min,Drama,8.2,https://www.imdb.com/title/tt0050986/?ref_=adv_li_tt
Judgment at Nuremberg ,1961,2h 59min,Drama,8.2,https://www.imdb.com/title/tt0055031/?ref_=adv_li_tt
To Kill a Mockingbird ,1962,2h 9min,Crime,8.2,https://www.imdb.com/title/tt0056592/?ref_=adv_li_tt
The Great Escape ,1963,2h 52min,Adventure,8.2,https://www.imdb.com/title/tt0057115/?ref_=adv_li_tt
Some Like It Hot ,1959,2h 1min,Comedy,8.2,https://www.imdb.com/title/tt0053291/?ref_=adv_li_tt
Chinatown ,1974,2h 10min,Drama,8.2,https://www.imdb.com/title/tt0071315/?ref_=adv_li_tt
Yojimbo ,1961,1h 50min,Action,8.2,https://www.imdb.com/title/tt0055630/?ref_=adv_li_tt
Andrei Rublev ,1966,3h 25min,Biography,8.2,https://www.imdb.com/title/tt0060107/?ref_=adv_li_tt
Monty Python and the Holy Grail ,1975,1h 31min,Adventure,8.2,https://www.imdb.com/title/tt0071853/?ref_=adv_li_tt
V for Vendetta ,2005,2h 12min,Action,8.2,https://www.imdb.com/title/tt0434409/?ref_=adv_li_tt
Колір повстання ,2006,2h 47min,Comedy,8.2,https://www.imdb.com/title/tt0405508/?ref_=adv_li_tt
Raging Bull ,1980,2h 9min,Biography,8.2,https://www.imdb.com/title/tt0081398/?ref_=adv_li_tt
Stalker ,1979,2h 42min,Drama,8.2,https://www.imdb.com/title/tt0079944/?ref_=adv_li_tt
There Will Be Blood ,2007,2h 38min,Drama,8.2,https://www.imdb.com/title/tt0469494/?ref_=adv_li_tt
The Wolf of Wall Street ,2013,3h,Biography,8.2,https://www.imdb.com/title/tt0993846/?ref_=adv_li_tt
Up ,2009,1h 36min,Animation,8.2,https://www.imdb.com/title/tt1049413/?ref_=adv_li_tt
Gangs of Wasseypur ,2012,5h 21min,Action,8.2,https://www.imdb.com/title/tt1954470/?ref_=adv_li_tt
The Secret in Their Eyes ,2009,2h 9min,Drama,8.2,https://www.imdb.com/title/tt1305806/?ref_=adv_li_tt
Pan's Labyrinth ,2006,1h 58min,Drama,8.2,https://www.imdb.com/title/tt0457430/?ref_=adv_li_tt
Warrior ,2011,2h 20min,Drama,8.2,https://www.imdb.com/title/tt1291584/?ref_=adv_li_tt
Inside Out ,2015,1h 35min,Animation,8.2,https://www.imdb.com/title/tt2096673/?ref_=adv_li_tt
Klaus ,2019,1h 36min,Animation,8.2,https://www.imdb.com/title/tt4729430/?ref_=adv_li_tt
Drishyam ,2015,2h 43min,Crime,8.2,https://www.imdb.com/title/tt4430212/?ref_=adv_li_tt
"Three Billboards Outside Ebbing, Missouri ",2017,1h 55min,Comedy,8.2,https://www.imdb.com/title/tt5027774/?ref_=adv_li_tt
M ,1931,1h 39min,Crime,8.3,https://www.imdb.com/title/tt0022100/?ref_=adv_li_tt
The Kid ,1921,1h 8min,Comedy,8.3,https://www.imdb.com/title/tt0012349/?ref_=adv_li_tt
Metropolis ,1927,2h 33min,Drama,8.3,https://www.imdb.com/title/tt0017136/?ref_=adv_li_tt
Bicycle Thieves ,1948,1h 29min,Drama,8.3,https://www.imdb.com/title/tt0040522/?ref_=adv_li_tt
Green Book ,2018,2h 10min,Biography,8.2,https://www.imdb.com/title/tt6966692/?ref_=adv_li_tt
Double Indemnity ,1944,1h 47min,Crime,8.3,https://www.imdb.com/title/tt0036775/?ref_=adv_li_tt
Citizen Kane ,1941,1h 59min,Drama,8.3,https://www.imdb.com/title/tt0033467/?ref_=adv_li_tt
Ikiru ,1952,2h 23min,Drama,8.3,https://www.imdb.com/title/tt0044741/?ref_=adv_li_tt
Singin' in the Rain ,1952,1h 43min,Comedy,8.3,https://www.imdb.com/title/tt0045152/?ref_=adv_li_tt
Vertigo ,1958,2h 8min,Mystery,8.3,https://www.imdb.com/title/tt0052357/?ref_=adv_li_tt
North by Northwest ,1959,2h 16min,Adventure,8.3,https://www.imdb.com/title/tt0053125/?ref_=adv_li_tt
The Apartment ,1960,2h 5min,Comedy,8.3,https://www.imdb.com/title/tt0053604/?ref_=adv_li_tt
Lawrence of Arabia ,1962,3h 48min,Adventure,8.3,https://www.imdb.com/title/tt0056172/?ref_=adv_li_tt
A Clockwork Orange ,1971,2h 16min,Crime,8.3,https://www.imdb.com/title/tt0066921/?ref_=adv_li_tt
2001: A Space Odyssey ,1968,2h 29min,Adventure,8.3,https://www.imdb.com/title/tt0062622/?ref_=adv_li_tt
For a Few Dollars More ,1965,2h 12min,Western,8.3,https://www.imdb.com/title/tt0059578/?ref_=adv_li_tt
Das Boot ,1981,2h 29min,Adventure,8.3,https://www.imdb.com/title/tt0082096/?ref_=adv_li_tt
Taxi Driver ,1976,1h 54min,Crime,8.3,https://www.imdb.com/title/tt0075314/?ref_=adv_li_tt
The Sting ,1973,2h 9min,Comedy,8.3,https://www.imdb.com/title/tt0070735/?ref_=adv_li_tt
Star Wars: Episode VI - Return of the Jedi ,1983,2h 11min,Action,8.3,https://www.imdb.com/title/tt0086190/?ref_=adv_li_tt
Scarface ,1983,2h 50min,Crime,8.3,https://www.imdb.com/title/tt0086250/?ref_=adv_li_tt
Amadeus ,1984,2h 40min,Biography,8.3,https://www.imdb.com/title/tt0086879/?ref_=adv_li_tt
Aliens ,1986,2h 17min,Action,8.3,https://www.imdb.com/title/tt0090605/?ref_=adv_li_tt
Батько та Син ,2005,1h 48min,Drama,8.3,https://www.imdb.com/title/tt0476735/?ref_=adv_li_tt
Toy Story 3 ,2010,1h 43min,Animation,8.3,https://www.imdb.com/title/tt0435761/?ref_=adv_li_tt
A Separation ,2011,2h 3min,Drama,8.3,https://www.imdb.com/title/tt1832382/?ref_=adv_li_tt
The Hunt ,2012,1h 55min,Drama,8.3,https://www.imdb.com/title/tt2106476/?ref_=adv_li_tt
Incendies ,2010,2h 11min,Drama,8.3,https://www.imdb.com/title/tt1255953/?ref_=adv_li_tt
Andhadhun ,2018,2h 19min,Crime,8.3,https://www.imdb.com/title/tt8108198/?ref_=adv_li_tt
Sunset Blvd. ,1950,1h 50min,Drama,8.4,https://www.imdb.com/title/tt0043014/?ref_=adv_li_tt
The Great Dictator ,1940,2h 5min,Comedy,8.4,https://www.imdb.com/title/tt0032553/?ref_=adv_li_tt
Rear Window ,1954,1h 52min,Mystery,8.4,https://www.imdb.com/title/tt0047396/?ref_=adv_li_tt
Paths of Glory ,1957,1h 28min,Drama,8.4,https://www.imdb.com/title/tt0050825/?ref_=adv_li_tt
Dr. Strangelove or: How I Learned to Stop Worrying and Love the Bomb ,1964,1h 35min,Comedy,8.4,https://www.imdb.com/title/tt0057012/?ref_=adv_li_tt
Witness for the Prosecution ,1957,1h 56min,Crime,8.4,https://www.imdb.com/title/tt0051201/?ref_=adv_li_tt
Alien ,1979,1h 57min,Horror,8.4,https://www.imdb.com/title/tt0078748/?ref_=adv_li_tt
Apocalypse Now ,1979,2h 27min,Drama,8.4,https://www.imdb.com/title/tt0078788/?ref_=adv_li_tt
The Shining ,1980,2h 26min,Drama,8.4,https://www.imdb.com/title/tt0081505/?ref_=adv_li_tt
Princess Mononoke ,1997,2h 14min,Animation,8.4,https://www.imdb.com/title/tt0119698/?ref_=adv_li_tt
Once Upon a Time in America ,1984,3h 49min,Crime,8.4,https://www.imdb.com/title/tt0087843/?ref_=adv_li_tt
Oldboy ,2003,2h,Action,8.4,https://www.imdb.com/title/tt0364569/?ref_=adv_li_tt
Memento ,2000,1h 53min,Mystery,8.4,https://www.imdb.com/title/tt0209144/?ref_=adv_li_tt
The Lives of Others ,2006,2h 17min,Drama,8.4,https://www.imdb.com/title/tt0405094/?ref_=adv_li_tt
WALL·E ,2008,1h 38min,Animation,8.4,https://www.imdb.com/title/tt0910970/?ref_=adv_li_tt
Raiders of the Lost Ark ,1981,1h 55min,Action,8.4,https://www.imdb.com/title/tt0082971/?ref_=adv_li_tt
Зіроньки на Землі ,2007,2h 45min,Drama,8.4,https://www.imdb.com/title/tt0986264/?ref_=adv_li_tt
The Dark Knight Rises ,2012,2h 44min,Action,8.4,https://www.imdb.com/title/tt1345836/?ref_=adv_li_tt
Django Unchained ,2012,2h 45min,Drama,8.4,https://www.imdb.com/title/tt1853728/?ref_=adv_li_tt
Coco ,2017,1h 45min,Animation,8.4,https://www.imdb.com/title/tt2380307/?ref_=adv_li_tt
3 Idiots ,2009,2h 50min,Comedy,8.4,https://www.imdb.com/title/tt1187043/?ref_=adv_li_tt
Dangal ,2016,2h 41min,Action,8.4,https://www.imdb.com/title/tt5074352/?ref_=adv_li_tt
Your Name. ,2016,1h 46min,Animation,8.4,https://www.imdb.com/title/tt5311514/?ref_=adv_li_tt
Spider-Man: Into the Spider-Verse ,2018,1h 57min,Animation,8.4,https://www.imdb.com/title/tt4633694/?ref_=adv_li_tt
Capernaum ,2018,2h 6min,Drama,8.4,https://www.imdb.com/title/tt8267604/?ref_=adv_li_tt
Avengers: Endgame ,2019,3h 1min,Action,8.4,https://www.imdb.com/title/tt4154796/?ref_=adv_li_tt
Modern Times ,1936,1h 27min,Comedy,8.5,https://www.imdb.com/title/tt0027977/?ref_=adv_li_tt
City Lights ,1931,1h 27min,Comedy,8.5,https://www.imdb.com/title/tt0021749/?ref_=adv_li_tt
1917 ,2019,1h 59min,Drama,8.4,https://www.imdb.com/title/tt8579674/?ref_=adv_li_tt
Casablanca ,1942,1h 42min,Drama,8.5,https://www.imdb.com/title/tt0034583/?ref_=adv_li_tt
Harakiri ,1962,2h 13min,Action,8.7,https://www.imdb.com/title/tt0056058/?ref_=adv_li_tt
One Flew Over the Cuckoo's Nest ,1975,2h 13min,Drama,8.7,https://www.imdb.com/title/tt0073486/?ref_=adv_li_tt
Goodfellas ,1990,2h 26min,Biography,8.7,https://www.imdb.com/title/tt0099685/?ref_=adv_li_tt
The Matrix ,1999,2h 16min,Action,8.7,https://www.imdb.com/title/tt0133093/?ref_=adv_li_tt
Star Wars: Episode V - The Empire Strikes Back ,1980,2h 4min,Action,8.7,https://www.imdb.com/title/tt0080684/?ref_=adv_li_tt
"The Good, the Bad and the Ugly ",1966,2h 58min,Western,8.8,https://www.imdb.com/title/tt0060196/?ref_=adv_li_tt
The Lord of the Rings: The Two Towers ,2002,2h 59min,Adventure,8.7,https://www.imdb.com/title/tt0167261/?ref_=adv_li_tt
Forrest Gump ,1994,2h 22min,Drama,8.8,https://www.imdb.com/title/tt0109830/?ref_=adv_li_tt
Fight Club ,1999,2h 19min,Drama,8.8,https://www.imdb.com/title/tt0137523/?ref_=adv_li_tt
The Lord of the Rings: The Fellowship of the Ring ,2001,2h 58min,Action,8.8,https://www.imdb.com/title/tt0120737/?ref_=adv_li_tt
12 Angry Men ,1957,1h 36min,Drama,8.9,https://www.imdb.com/title/tt0050083/?ref_=adv_li_tt
Inception ,2010,2h 28min,Action,8.8,https://www.imdb.com/title/tt1375666/?ref_=adv_li_tt
Schindler's List ,1993,3h 15min,Biography,8.9,https://www.imdb.com/title/tt0108052/?ref_=adv_li_tt
The Lord of the Rings: The Return of the King ,2003,3h 21min,Adventure,8.9,https://www.imdb.com/title/tt0167260/?ref_=adv_li_tt
Pulp Fiction ,1994,2h 34min,Crime,8.9,https://www.imdb.com/title/tt0110912/?ref_=adv_li_tt
The Godfather: Part II ,1974,3h 22min,Crime,9.0,https://www.imdb.com/title/tt0071562/?ref_=adv_li_tt
The Godfather ,1972,2h 55min,Crime,9.2,https://www.imdb.com/title/tt0068646/?ref_=adv_li_tt
The Dark Knight ,2008,2h 32min,Action,9.0,https://www.imdb.com/title/tt0468569/?ref_=adv_li_tt
